<?xml version="1.0" encoding="utf-8" ?>
<dwsync>
<file name="wifi.png" server="ftp.photographyrob.ca/public_html/CivChain/" local="130697275210392452" remote="130697278200000000" Dst="1" />
<file name="wifiTrans.png" server="ftp.photographyrob.ca/public_html/CivChain/" local="130697393151678307" remote="130698090000000000" Dst="1" />
<file name="addWiFI.png" server="ftp.photographyrob.ca/public_html/CivChain/" local="130698088326990195" remote="130698090000000000" Dst="1" />
<file name="addWiFi.png" server="ftp.photographyrob.ca/public_html/CivChain/" local="130698088326990195" remote="130698090600000000" Dst="1" />
<file name="cd-socials.svg" server="ftp.photographyrob.ca/public_html/CivChain/" local="130516759660000000" remote="130698972600000000" Dst="1" />
<file name="addWiFi.png" server="ftp.openwifinder.com/public_html/" local="130699875751282612" remote="130699908000000000" Dst="1" />
<file name="cd-socials.svg" server="ftp.openwifinder.com/public_html/" local="130699875751312614" remote="130699908000000000" Dst="1" />
<file name="wifi.png" server="ftp.openwifinder.com/public_html/" local="130699875751362617" remote="130699908000000000" Dst="1" />
<file name="wifiTrans.png" server="ftp.openwifinder.com/public_html/" local="130699875751402619" remote="130699908000000000" Dst="1" />
</dwsync>