<?xml version="1.0" encoding="utf-8" ?>
<dwsync>
<file name="map.js" server="ftp.photographyrob.ca/public_html/CivChain/" local="130699177217408760" remote="130699177200000000" Dst="1" />
<file name="modernizr.js" server="ftp.photographyrob.ca/public_html/CivChain/" local="130516609320000000" remote="130698155400000000" Dst="1" />
<file name="jquery-2.1.1.js" server="ftp.photographyrob.ca/public_html/CivChain/" local="130516609320000000" remote="130698155400000000" Dst="1" />
<file name="main.js" server="ftp.photographyrob.ca/public_html/CivChain/" local="130517400620000000" remote="130698155400000000" Dst="1" />
<file name="map1.js" server="ftp.photographyrob.ca/public_html/CivChain/" local="130698771361619429" remote="130698771000000000" Dst="1" />
<file name="main.js" server="ftp.openwifinder.com/public_html/" local="130699875751632632" remote="130699908000000000" Dst="1" />
<file name="map.js" server="ftp.openwifinder.com/public_html/" local="130699908057290410" remote="130699908000000000" Dst="1" />
<file name="map1.js" server="ftp.openwifinder.com/public_html/" local="130699875751692636" remote="130699908000000000" Dst="1" />
<file name="modernizr.js" server="ftp.openwifinder.com/public_html/" local="130699875751772640" remote="130699908000000000" Dst="1" />
<file name="jquery-2.1.1.js" server="ftp.openwifinder.com/public_html/" local="130699875751602631" remote="130699908000000000" Dst="1" />
</dwsync>